,REF_DATE,GEO,Sex,Age group,UOM,VALUE
0,2001-01-01,"St. John's, Newfoundland and Labrador",Both sexes,All ages,Persons,176468.0
1,2001-01-01,"Halifax, Nova Scotia",Both sexes,All ages,Persons,369252.0
2,2001-01-01,"Québec, Quebec",Both sexes,All ages,Persons,705206.0
3,2001-01-01,"Sherbrooke, Quebec",Both sexes,All ages,Persons,183635.0
4,2001-01-01,"Trois-Rivières, Quebec",Both sexes,All ages,Persons,143386.0
5,2001-01-01,"Montréal, Quebec",Both sexes,All ages,Persons,3626699.0
6,2001-01-01,"Oshawa, Ontario",Both sexes,All ages,Persons,308611.0
7,2001-01-01,"Toronto, Ontario",Both sexes,All ages,Persons,4882618.0
8,2001-01-01,"Hamilton, Ontario",Both sexes,All ages,Persons,689178.0
9,2001-01-01,"St. Catharines-Niagara, Ontario",Both sexes,All ages,Persons,391844.0
10,2001-01-01,"Kitchener-Cambridge-Waterloo, Ontario",Both sexes,All ages,Persons,446937.0
11,2001-01-01,"Guelph, Ontario",Both sexes,All ages,Persons,128494.0
12,2001-01-01,"London, Ontario",Both sexes,All ages,Persons,453101.0
13,2001-01-01,"Windsor, Ontario",Both sexes,All ages,Persons,320950.0
14,2001-01-01,"Greater Sudbury, Ontario",Both sexes,All ages,Persons,164210.0
15,2001-01-01,"Winnipeg, Manitoba",Both sexes,All ages,Persons,695830.0
16,2001-01-01,"Regina, Saskatchewan",Both sexes,All ages,Persons,198077.0
17,2001-01-01,"Saskatoon, Saskatchewan",Both sexes,All ages,Persons,232516.0
18,2001-01-01,"Calgary, Alberta",Both sexes,All ages,Persons,977775.0
19,2001-01-01,"Edmonton, Alberta",Both sexes,All ages,Persons,962390.0
20,2001-01-01,"Kelowna, British Columbia",Both sexes,All ages,Persons,154210.0
21,2001-01-01,"Vancouver, British Columbia",Both sexes,All ages,Persons,2074568.0
22,2001-01-01,"Victoria, British Columbia",Both sexes,All ages,Persons,325732.0
23,2001-01-01,"Nelson (CA), British Columbia",Both sexes,All ages,Persons,17488.0
24,2002-01-01,"St. John's, Newfoundland and Labrador",Both sexes,All ages,Persons,177626.0
25,2002-01-01,"Halifax, Nova Scotia",Both sexes,All ages,Persons,374445.0
26,2002-01-01,"Québec, Quebec",Both sexes,All ages,Persons,710234.0
27,2002-01-01,"Sherbrooke, Quebec",Both sexes,All ages,Persons,185727.0
28,2002-01-01,"Trois-Rivières, Quebec",Both sexes,All ages,Persons,143127.0
29,2002-01-01,"Montréal, Quebec",Both sexes,All ages,Persons,3663840.0
30,2002-01-01,"Oshawa, Ontario",Both sexes,All ages,Persons,315181.0
31,2002-01-01,"Toronto, Ontario",Both sexes,All ages,Persons,5002533.0
32,2002-01-01,"Hamilton, Ontario",Both sexes,All ages,Persons,697790.0
33,2002-01-01,"St. Catharines-Niagara, Ontario",Both sexes,All ages,Persons,394502.0
34,2002-01-01,"Kitchener-Cambridge-Waterloo, Ontario",Both sexes,All ages,Persons,455446.0
35,2002-01-01,"Guelph, Ontario",Both sexes,All ages,Persons,130572.0
36,2002-01-01,"London, Ontario",Both sexes,All ages,Persons,458659.0
37,2002-01-01,"Windsor, Ontario",Both sexes,All ages,Persons,326732.0
38,2002-01-01,"Greater Sudbury, Ontario",Both sexes,All ages,Persons,163810.0
39,2002-01-01,"Winnipeg, Manitoba",Both sexes,All ages,Persons,699855.0
40,2002-01-01,"Regina, Saskatchewan",Both sexes,All ages,Persons,197876.0
41,2002-01-01,"Saskatoon, Saskatchewan",Both sexes,All ages,Persons,234263.0
42,2002-01-01,"Calgary, Alberta",Both sexes,All ages,Persons,1007032.0
43,2002-01-01,"Edmonton, Alberta",Both sexes,All ages,Persons,984764.0
44,2002-01-01,"Kelowna, British Columbia",Both sexes,All ages,Persons,156041.0
45,2002-01-01,"Vancouver, British Columbia",Both sexes,All ages,Persons,2098557.0
46,2002-01-01,"Victoria, British Columbia",Both sexes,All ages,Persons,327861.0
47,2002-01-01,"Nelson (CA), British Columbia",Both sexes,All ages,Persons,17260.0
48,2003-01-01,"St. John's, Newfoundland and Labrador",Both sexes,All ages,Persons,179026.0
49,2003-01-01,"Halifax, Nova Scotia",Both sexes,All ages,Persons,378091.0
50,2003-01-01,"Québec, Quebec",Both sexes,All ages,Persons,714530.0
51,2003-01-01,"Sherbrooke, Quebec",Both sexes,All ages,Persons,188063.0
52,2003-01-01,"Trois-Rivières, Quebec",Both sexes,All ages,Persons,143480.0
53,2003-01-01,"Montréal, Quebec",Both sexes,All ages,Persons,3693579.0
54,2003-01-01,"Oshawa, Ontario",Both sexes,All ages,Persons,322922.0
55,2003-01-01,"Toronto, Ontario",Both sexes,All ages,Persons,5081464.0
56,2003-01-01,"Hamilton, Ontario",Both sexes,All ages,Persons,705420.0
57,2003-01-01,"St. Catharines-Niagara, Ontario",Both sexes,All ages,Persons,396817.0
58,2003-01-01,"Kitchener-Cambridge-Waterloo, Ontario",Both sexes,All ages,Persons,462451.0
59,2003-01-01,"Guelph, Ontario",Both sexes,All ages,Persons,132588.0
60,2003-01-01,"London, Ontario",Both sexes,All ages,Persons,462722.0
61,2003-01-01,"Windsor, Ontario",Both sexes,All ages,Persons,330416.0
62,2003-01-01,"Greater Sudbury, Ontario",Both sexes,All ages,Persons,164213.0
63,2003-01-01,"Winnipeg, Manitoba",Both sexes,All ages,Persons,703975.0
64,2003-01-01,"Regina, Saskatchewan",Both sexes,All ages,Persons,198853.0
65,2003-01-01,"Saskatoon, Saskatchewan",Both sexes,All ages,Persons,235867.0
66,2003-01-01,"Calgary, Alberta",Both sexes,All ages,Persons,1028587.0
67,2003-01-01,"Edmonton, Alberta",Both sexes,All ages,Persons,1001160.0
68,2003-01-01,"Kelowna, British Columbia",Both sexes,All ages,Persons,158495.0
69,2003-01-01,"Vancouver, British Columbia",Both sexes,All ages,Persons,2116185.0
70,2003-01-01,"Victoria, British Columbia",Both sexes,All ages,Persons,330032.0
71,2003-01-01,"Nelson (CA), British Columbia",Both sexes,All ages,Persons,17120.0
72,2004-01-01,"St. John's, Newfoundland and Labrador",Both sexes,All ages,Persons,181059.0
73,2004-01-01,"Halifax, Nova Scotia",Both sexes,All ages,Persons,380752.0
74,2004-01-01,"Québec, Quebec",Both sexes,All ages,Persons,718698.0
75,2004-01-01,"Sherbrooke, Quebec",Both sexes,All ages,Persons,189931.0
76,2004-01-01,"Trois-Rivières, Quebec",Both sexes,All ages,Persons,144012.0
77,2004-01-01,"Montréal, Quebec",Both sexes,All ages,Persons,3725738.0
78,2004-01-01,"Oshawa, Ontario",Both sexes,All ages,Persons,330515.0
79,2004-01-01,"Toronto, Ontario",Both sexes,All ages,Persons,5162061.0
80,2004-01-01,"Hamilton, Ontario",Both sexes,All ages,Persons,712186.0
81,2004-01-01,"St. Catharines-Niagara, Ontario",Both sexes,All ages,Persons,399702.0
82,2004-01-01,"Kitchener-Cambridge-Waterloo, Ontario",Both sexes,All ages,Persons,471321.0
83,2004-01-01,"Guelph, Ontario",Both sexes,All ages,Persons,134836.0
84,2004-01-01,"London, Ontario",Both sexes,All ages,Persons,467560.0
85,2004-01-01,"Windsor, Ontario",Both sexes,All ages,Persons,333413.0
86,2004-01-01,"Greater Sudbury, Ontario",Both sexes,All ages,Persons,164622.0
87,2004-01-01,"Winnipeg, Manitoba",Both sexes,All ages,Persons,709714.0
88,2004-01-01,"Regina, Saskatchewan",Both sexes,All ages,Persons,199806.0
89,2004-01-01,"Saskatoon, Saskatchewan",Both sexes,All ages,Persons,238203.0
90,2004-01-01,"Calgary, Alberta",Both sexes,All ages,Persons,1051686.0
91,2004-01-01,"Edmonton, Alberta",Both sexes,All ages,Persons,1017462.0
92,2004-01-01,"Kelowna, British Columbia",Both sexes,All ages,Persons,161221.0
93,2004-01-01,"Vancouver, British Columbia",Both sexes,All ages,Persons,2134020.0
94,2004-01-01,"Victoria, British Columbia",Both sexes,All ages,Persons,332132.0
95,2004-01-01,"Nelson (CA), British Columbia",Both sexes,All ages,Persons,17086.0
96,2005-01-01,"St. John's, Newfoundland and Labrador",Both sexes,All ages,Persons,181720.0
97,2005-01-01,"Halifax, Nova Scotia",Both sexes,All ages,Persons,381940.0
98,2005-01-01,"Québec, Quebec",Both sexes,All ages,Persons,723340.0
99,2005-01-01,"Sherbrooke, Quebec",Both sexes,All ages,Persons,191580.0
100,2005-01-01,"Trois-Rivières, Quebec",Both sexes,All ages,Persons,144645.0
101,2005-01-01,"Montréal, Quebec",Both sexes,All ages,Persons,3754003.0
102,2005-01-01,"Oshawa, Ontario",Both sexes,All ages,Persons,337654.0
103,2005-01-01,"Toronto, Ontario",Both sexes,All ages,Persons,5241407.0
104,2005-01-01,"Hamilton, Ontario",Both sexes,All ages,Persons,717717.0
105,2005-01-01,"St. Catharines-Niagara, Ontario",Both sexes,All ages,Persons,401750.0
106,2005-01-01,"Kitchener-Cambridge-Waterloo, Ontario",Both sexes,All ages,Persons,479252.0
107,2005-01-01,"Guelph, Ontario",Both sexes,All ages,Persons,137200.0
108,2005-01-01,"London, Ontario",Both sexes,All ages,Persons,471563.0
109,2005-01-01,"Windsor, Ontario",Both sexes,All ages,Persons,335398.0
110,2005-01-01,"Greater Sudbury, Ontario",Both sexes,All ages,Persons,165278.0
111,2005-01-01,"Winnipeg, Manitoba",Both sexes,All ages,Persons,712268.0
112,2005-01-01,"Regina, Saskatchewan",Both sexes,All ages,Persons,199943.0
113,2005-01-01,"Saskatoon, Saskatchewan",Both sexes,All ages,Persons,239696.0
114,2005-01-01,"Calgary, Alberta",Both sexes,All ages,Persons,1085764.0
115,2005-01-01,"Edmonton, Alberta",Both sexes,All ages,Persons,1042421.0
116,2005-01-01,"Kelowna, British Columbia",Both sexes,All ages,Persons,163765.0
117,2005-01-01,"Vancouver, British Columbia",Both sexes,All ages,Persons,2159646.0
118,2005-01-01,"Victoria, British Columbia",Both sexes,All ages,Persons,335240.0
119,2005-01-01,"Nelson (CA), British Columbia",Both sexes,All ages,Persons,17083.0
120,2006-01-01,"St. John's, Newfoundland and Labrador",Both sexes,All ages,Persons,183847.0
121,2006-01-01,"Halifax, Nova Scotia",Both sexes,All ages,Persons,384658.0
122,2006-01-01,"Québec, Quebec",Both sexes,All ages,Persons,729611.0
123,2006-01-01,"Sherbrooke, Quebec",Both sexes,All ages,Persons,193295.0
124,2006-01-01,"Trois-Rivières, Quebec",Both sexes,All ages,Persons,145685.0
125,2006-01-01,"Montréal, Quebec",Both sexes,All ages,Persons,3787447.0
126,2006-01-01,"Oshawa, Ontario",Both sexes,All ages,Persons,344313.0
127,2006-01-01,"Toronto, Ontario",Both sexes,All ages,Persons,5334382.0
128,2006-01-01,"Hamilton, Ontario",Both sexes,All ages,Persons,719331.0
129,2006-01-01,"St. Catharines-Niagara, Ontario",Both sexes,All ages,Persons,404032.0
130,2006-01-01,"Kitchener-Cambridge-Waterloo, Ontario",Both sexes,All ages,Persons,488325.0
131,2006-01-01,"Guelph, Ontario",Both sexes,All ages,Persons,139303.0
132,2006-01-01,"London, Ontario",Both sexes,All ages,Persons,475886.0
133,2006-01-01,"Windsor, Ontario",Both sexes,All ages,Persons,336314.0
134,2006-01-01,"Greater Sudbury, Ontario",Both sexes,All ages,Persons,166751.0
135,2006-01-01,"Winnipeg, Manitoba",Both sexes,All ages,Persons,716043.0
136,2006-01-01,"Regina, Saskatchewan",Both sexes,All ages,Persons,201093.0
137,2006-01-01,"Saskatoon, Saskatchewan",Both sexes,All ages,Persons,241931.0
138,2006-01-01,"Calgary, Alberta",Both sexes,All ages,Persons,1124723.0
139,2006-01-01,"Edmonton, Alberta",Both sexes,All ages,Persons,1074031.0
140,2006-01-01,"Kelowna, British Columbia",Both sexes,All ages,Persons,167123.0
141,2006-01-01,"Vancouver, British Columbia",Both sexes,All ages,Persons,2188743.0
142,2006-01-01,"Victoria, British Columbia",Both sexes,All ages,Persons,339693.0
143,2006-01-01,"Nelson (CA), British Columbia",Both sexes,All ages,Persons,17187.0
144,2007-01-01,"St. John's, Newfoundland and Labrador",Both sexes,All ages,Persons,186173.0
145,2007-01-01,"Halifax, Nova Scotia",Both sexes,All ages,Persons,386402.0
146,2007-01-01,"Québec, Quebec",Both sexes,All ages,Persons,738487.0
147,2007-01-01,"Sherbrooke, Quebec",Both sexes,All ages,Persons,194838.0
148,2007-01-01,"Trois-Rivières, Quebec",Both sexes,All ages,Persons,147126.0
149,2007-01-01,"Montréal, Quebec",Both sexes,All ages,Persons,3820627.0
150,2007-01-01,"Oshawa, Ontario",Both sexes,All ages,Persons,347901.0
151,2007-01-01,"Toronto, Ontario",Both sexes,All ages,Persons,5415765.0
152,2007-01-01,"Hamilton, Ontario",Both sexes,All ages,Persons,721376.0
153,2007-01-01,"St. Catharines-Niagara, Ontario",Both sexes,All ages,Persons,402845.0
154,2007-01-01,"Kitchener-Cambridge-Waterloo, Ontario",Both sexes,All ages,Persons,492486.0
155,2007-01-01,"Guelph, Ontario",Both sexes,All ages,Persons,140239.0
156,2007-01-01,"London, Ontario",Both sexes,All ages,Persons,478557.0
157,2007-01-01,"Windsor, Ontario",Both sexes,All ages,Persons,335457.0
158,2007-01-01,"Greater Sudbury, Ontario",Both sexes,All ages,Persons,167308.0
159,2007-01-01,"Winnipeg, Manitoba",Both sexes,All ages,Persons,719269.0
160,2007-01-01,"Regina, Saskatchewan",Both sexes,All ages,Persons,203144.0
161,2007-01-01,"Saskatoon, Saskatchewan",Both sexes,All ages,Persons,246052.0
162,2007-01-01,"Calgary, Alberta",Both sexes,All ages,Persons,1155560.0
163,2007-01-01,"Edmonton, Alberta",Both sexes,All ages,Persons,1104317.0
164,2007-01-01,"Kelowna, British Columbia",Both sexes,All ages,Persons,170995.0
165,2007-01-01,"Vancouver, British Columbia",Both sexes,All ages,Persons,2216948.0
166,2007-01-01,"Victoria, British Columbia",Both sexes,All ages,Persons,342052.0
167,2007-01-01,"Nelson (CA), British Columbia",Both sexes,All ages,Persons,17473.0
168,2008-01-01,"St. John's, Newfoundland and Labrador",Both sexes,All ages,Persons,189575.0
169,2008-01-01,"Halifax, Nova Scotia",Both sexes,All ages,Persons,389919.0
170,2008-01-01,"Québec, Quebec",Both sexes,All ages,Persons,748407.0
171,2008-01-01,"Sherbrooke, Quebec",Both sexes,All ages,Persons,196418.0
172,2008-01-01,"Trois-Rivières, Quebec",Both sexes,All ages,Persons,148502.0
173,2008-01-01,"Montréal, Quebec",Both sexes,All ages,Persons,3859334.0
174,2008-01-01,"Oshawa, Ontario",Both sexes,All ages,Persons,352767.0
175,2008-01-01,"Toronto, Ontario",Both sexes,All ages,Persons,5501325.0
176,2008-01-01,"Hamilton, Ontario",Both sexes,All ages,Persons,725665.0
177,2008-01-01,"St. Catharines-Niagara, Ontario",Both sexes,All ages,Persons,401785.0
178,2008-01-01,"Kitchener-Cambridge-Waterloo, Ontario",Both sexes,All ages,Persons,497508.0
179,2008-01-01,"Guelph, Ontario",Both sexes,All ages,Persons,141550.0
180,2008-01-01,"London, Ontario",Both sexes,All ages,Persons,481970.0
181,2008-01-01,"Windsor, Ontario",Both sexes,All ages,Persons,332569.0
182,2008-01-01,"Greater Sudbury, Ontario",Both sexes,All ages,Persons,168016.0
183,2008-01-01,"Winnipeg, Manitoba",Both sexes,All ages,Persons,722848.0
184,2008-01-01,"Regina, Saskatchewan",Both sexes,All ages,Persons,206077.0
185,2008-01-01,"Saskatoon, Saskatchewan",Both sexes,All ages,Persons,251481.0
186,2008-01-01,"Calgary, Alberta",Both sexes,All ages,Persons,1187476.0
187,2008-01-01,"Edmonton, Alberta",Both sexes,All ages,Persons,1131781.0
188,2008-01-01,"Kelowna, British Columbia",Both sexes,All ages,Persons,175162.0
189,2008-01-01,"Vancouver, British Columbia",Both sexes,All ages,Persons,2253672.0
190,2008-01-01,"Victoria, British Columbia",Both sexes,All ages,Persons,344394.0
191,2008-01-01,"Nelson (CA), British Columbia",Both sexes,All ages,Persons,17773.0
192,2009-01-01,"St. John's, Newfoundland and Labrador",Both sexes,All ages,Persons,193867.0
193,2009-01-01,"Halifax, Nova Scotia",Both sexes,All ages,Persons,393688.0
194,2009-01-01,"Québec, Quebec",Both sexes,All ages,Persons,758345.0
195,2009-01-01,"Sherbrooke, Quebec",Both sexes,All ages,Persons,198786.0
196,2009-01-01,"Trois-Rivières, Quebec",Both sexes,All ages,Persons,150112.0
197,2009-01-01,"Montréal, Quebec",Both sexes,All ages,Persons,3907597.0
198,2009-01-01,"Oshawa, Ontario",Both sexes,All ages,Persons,357274.0
199,2009-01-01,"Toronto, Ontario",Both sexes,All ages,Persons,5588312.0
200,2009-01-01,"Hamilton, Ontario",Both sexes,All ages,Persons,730354.0
201,2009-01-01,"St. Catharines-Niagara, Ontario",Both sexes,All ages,Persons,401517.0
202,2009-01-01,"Kitchener-Cambridge-Waterloo, Ontario",Both sexes,All ages,Persons,501631.0
203,2009-01-01,"Guelph, Ontario",Both sexes,All ages,Persons,142773.0
204,2009-01-01,"London, Ontario",Both sexes,All ages,Persons,483908.0
205,2009-01-01,"Windsor, Ontario",Both sexes,All ages,Persons,329634.0
206,2009-01-01,"Greater Sudbury, Ontario",Both sexes,All ages,Persons,168148.0
207,2009-01-01,"Winnipeg, Manitoba",Both sexes,All ages,Persons,729444.0
208,2009-01-01,"Regina, Saskatchewan",Both sexes,All ages,Persons,210464.0
209,2009-01-01,"Saskatoon, Saskatchewan",Both sexes,All ages,Persons,257960.0
210,2009-01-01,"Calgary, Alberta",Both sexes,All ages,Persons,1220700.0
211,2009-01-01,"Edmonton, Alberta",Both sexes,All ages,Persons,1163333.0
212,2009-01-01,"Kelowna, British Columbia",Both sexes,All ages,Persons,178330.0
213,2009-01-01,"Vancouver, British Columbia",Both sexes,All ages,Persons,2301469.0
214,2009-01-01,"Victoria, British Columbia",Both sexes,All ages,Persons,348064.0
215,2009-01-01,"Nelson (CA), British Columbia",Both sexes,All ages,Persons,17992.0
216,2010-01-01,"St. John's, Newfoundland and Labrador",Both sexes,All ages,Persons,198553.0
217,2010-01-01,"Halifax, Nova Scotia",Both sexes,All ages,Persons,398356.0
218,2010-01-01,"Québec, Quebec",Both sexes,All ages,Persons,768374.0
219,2010-01-01,"Sherbrooke, Quebec",Both sexes,All ages,Persons,201680.0
220,2010-01-01,"Trois-Rivières, Quebec",Both sexes,All ages,Persons,151903.0
221,2010-01-01,"Montréal, Quebec",Both sexes,All ages,Persons,3953773.0
222,2010-01-01,"Oshawa, Ontario",Both sexes,All ages,Persons,362506.0
223,2010-01-01,"Toronto, Ontario",Both sexes,All ages,Persons,5681126.0
224,2010-01-01,"Hamilton, Ontario",Both sexes,All ages,Persons,736875.0
225,2010-01-01,"St. Catharines-Niagara, Ontario",Both sexes,All ages,Persons,402182.0
226,2010-01-01,"Kitchener-Cambridge-Waterloo, Ontario",Both sexes,All ages,Persons,506907.0
227,2010-01-01,"Guelph, Ontario",Both sexes,All ages,Persons,144324.0
228,2010-01-01,"London, Ontario",Both sexes,All ages,Persons,486555.0
229,2010-01-01,"Windsor, Ontario",Both sexes,All ages,Persons,328520.0
230,2010-01-01,"Greater Sudbury, Ontario",Both sexes,All ages,Persons,167687.0
231,2010-01-01,"Winnipeg, Manitoba",Both sexes,All ages,Persons,736073.0
232,2010-01-01,"Regina, Saskatchewan",Both sexes,All ages,Persons,214480.0
233,2010-01-01,"Saskatoon, Saskatchewan",Both sexes,All ages,Persons,264665.0
234,2010-01-01,"Calgary, Alberta",Both sexes,All ages,Persons,1240521.0
235,2010-01-01,"Edmonton, Alberta",Both sexes,All ages,Persons,1183929.0
236,2010-01-01,"Kelowna, British Columbia",Both sexes,All ages,Persons,181435.0
237,2010-01-01,"Vancouver, British Columbia",Both sexes,All ages,Persons,2344847.0
238,2010-01-01,"Victoria, British Columbia",Both sexes,All ages,Persons,351150.0
239,2010-01-01,"Nelson (CA), British Columbia",Both sexes,All ages,Persons,18175.0
240,2011-01-01,"St. John's, Newfoundland and Labrador",Both sexes,All ages,Persons,202376.0
241,2011-01-01,"Halifax, Nova Scotia",Both sexes,All ages,Persons,402074.0
242,2011-01-01,"Québec, Quebec",Both sexes,All ages,Persons,777938.0
243,2011-01-01,"Sherbrooke, Quebec",Both sexes,All ages,Persons,204653.0
244,2011-01-01,"Trois-Rivières, Quebec",Both sexes,All ages,Persons,153200.0
245,2011-01-01,"Montréal, Quebec",Both sexes,All ages,Persons,3994492.0
246,2011-01-01,"Oshawa, Ontario",Both sexes,All ages,Persons,367052.0
247,2011-01-01,"Toronto, Ontario",Both sexes,All ages,Persons,5768001.0
248,2011-01-01,"Hamilton, Ontario",Both sexes,All ages,Persons,741956.0
249,2011-01-01,"St. Catharines-Niagara, Ontario",Both sexes,All ages,Persons,402623.0
250,2011-01-01,"Kitchener-Cambridge-Waterloo, Ontario",Both sexes,All ages,Persons,512547.0
251,2011-01-01,"Guelph, Ontario",Both sexes,All ages,Persons,145634.0
252,2011-01-01,"London, Ontario",Both sexes,All ages,Persons,489086.0
253,2011-01-01,"Windsor, Ontario",Both sexes,All ages,Persons,328295.0
254,2011-01-01,"Greater Sudbury, Ontario",Both sexes,All ages,Persons,167609.0
255,2011-01-01,"Winnipeg, Manitoba",Both sexes,All ages,Persons,745774.0
256,2011-01-01,"Regina, Saskatchewan",Both sexes,All ages,Persons,218657.0
257,2011-01-01,"Saskatoon, Saskatchewan",Both sexes,All ages,Persons,271728.0
258,2011-01-01,"Calgary, Alberta",Both sexes,All ages,Persons,1263935.0
259,2011-01-01,"Edmonton, Alberta",Both sexes,All ages,Persons,1205342.0
260,2011-01-01,"Kelowna, British Columbia",Both sexes,All ages,Persons,183619.0
261,2011-01-01,"Vancouver, British Columbia",Both sexes,All ages,Persons,2374642.0
262,2011-01-01,"Victoria, British Columbia",Both sexes,All ages,Persons,352050.0
263,2011-01-01,"Nelson (CA), British Columbia",Both sexes,All ages,Persons,18310.0
264,2012-01-01,"St. John's, Newfoundland and Labrador",Both sexes,All ages,Persons,204537.0
265,2012-01-01,"Halifax, Nova Scotia",Both sexes,All ages,Persons,404376.0
266,2012-01-01,"Québec, Quebec",Both sexes,All ages,Persons,783796.0
267,2012-01-01,"Sherbrooke, Quebec",Both sexes,All ages,Persons,206677.0
268,2012-01-01,"Trois-Rivières, Quebec",Both sexes,All ages,Persons,153902.0
269,2012-01-01,"Montréal, Quebec",Both sexes,All ages,Persons,4031655.0
270,2012-01-01,"Oshawa, Ontario",Both sexes,All ages,Persons,372288.0
271,2012-01-01,"Toronto, Ontario",Both sexes,All ages,Persons,5852841.0
272,2012-01-01,"Hamilton, Ontario",Both sexes,All ages,Persons,747678.0
273,2012-01-01,"St. Catharines-Niagara, Ontario",Both sexes,All ages,Persons,404504.0
274,2012-01-01,"Kitchener-Cambridge-Waterloo, Ontario",Both sexes,All ages,Persons,517359.0
275,2012-01-01,"Guelph, Ontario",Both sexes,All ages,Persons,147971.0
276,2012-01-01,"London, Ontario",Both sexes,All ages,Persons,491868.0
277,2012-01-01,"Windsor, Ontario",Both sexes,All ages,Persons,329971.0
278,2012-01-01,"Greater Sudbury, Ontario",Both sexes,All ages,Persons,168205.0
279,2012-01-01,"Winnipeg, Manitoba",Both sexes,All ages,Persons,757053.0
280,2012-01-01,"Regina, Saskatchewan",Both sexes,All ages,Persons,225232.0
281,2012-01-01,"Saskatoon, Saskatchewan",Both sexes,All ages,Persons,280765.0
282,2012-01-01,"Calgary, Alberta",Both sexes,All ages,Persons,1300292.0
283,2012-01-01,"Edmonton, Alberta",Both sexes,All ages,Persons,1234307.0
284,2012-01-01,"Kelowna, British Columbia",Both sexes,All ages,Persons,186137.0
285,2012-01-01,"Vancouver, British Columbia",Both sexes,All ages,Persons,2418938.0
286,2012-01-01,"Victoria, British Columbia",Both sexes,All ages,Persons,358426.0
287,2012-01-01,"Nelson (CA), British Columbia",Both sexes,All ages,Persons,18339.0
288,2013-01-01,"St. John's, Newfoundland and Labrador",Both sexes,All ages,Persons,206257.0
289,2013-01-01,"Halifax, Nova Scotia",Both sexes,All ages,Persons,405598.0
290,2013-01-01,"Québec, Quebec",Both sexes,All ages,Persons,789275.0
291,2013-01-01,"Sherbrooke, Quebec",Both sexes,All ages,Persons,208523.0
292,2013-01-01,"Trois-Rivières, Quebec",Both sexes,All ages,Persons,154391.0
293,2013-01-01,"Montréal, Quebec",Both sexes,All ages,Persons,4066332.0
294,2013-01-01,"Oshawa, Ontario",Both sexes,All ages,Persons,376783.0
295,2013-01-01,"Toronto, Ontario",Both sexes,All ages,Persons,5931697.0
296,2013-01-01,"Hamilton, Ontario",Both sexes,All ages,Persons,752450.0
297,2013-01-01,"St. Catharines-Niagara, Ontario",Both sexes,All ages,Persons,405870.0
298,2013-01-01,"Kitchener-Cambridge-Waterloo, Ontario",Both sexes,All ages,Persons,521494.0
299,2013-01-01,"Guelph, Ontario",Both sexes,All ages,Persons,149597.0
300,2013-01-01,"London, Ontario",Both sexes,All ages,Persons,494151.0
301,2013-01-01,"Windsor, Ontario",Both sexes,All ages,Persons,334502.0
302,2013-01-01,"Greater Sudbury, Ontario",Both sexes,All ages,Persons,168671.0
303,2013-01-01,"Winnipeg, Manitoba",Both sexes,All ages,Persons,766503.0
304,2013-01-01,"Regina, Saskatchewan",Both sexes,All ages,Persons,231044.0
305,2013-01-01,"Saskatoon, Saskatchewan",Both sexes,All ages,Persons,287960.0
306,2013-01-01,"Calgary, Alberta",Both sexes,All ages,Persons,1344686.0
307,2013-01-01,"Edmonton, Alberta",Both sexes,All ages,Persons,1271773.0
308,2013-01-01,"Kelowna, British Columbia",Both sexes,All ages,Persons,189130.0
309,2013-01-01,"Vancouver, British Columbia",Both sexes,All ages,Persons,2459426.0
310,2013-01-01,"Victoria, British Columbia",Both sexes,All ages,Persons,364837.0
311,2013-01-01,"Nelson (CA), British Columbia",Both sexes,All ages,Persons,18502.0
312,2014-01-01,"St. John's, Newfoundland and Labrador",Both sexes,All ages,Persons,208228.0
313,2014-01-01,"Halifax, Nova Scotia",Both sexes,All ages,Persons,407061.0
314,2014-01-01,"Québec, Quebec",Both sexes,All ages,Persons,794411.0
315,2014-01-01,"Sherbrooke, Quebec",Both sexes,All ages,Persons,209930.0
316,2014-01-01,"Trois-Rivières, Quebec",Both sexes,All ages,Persons,155188.0
317,2014-01-01,"Montréal, Quebec",Both sexes,All ages,Persons,4093501.0
318,2014-01-01,"Oshawa, Ontario",Both sexes,All ages,Persons,380948.0
319,2014-01-01,"Toronto, Ontario",Both sexes,All ages,Persons,5998737.0
320,2014-01-01,"Hamilton, Ontario",Both sexes,All ages,Persons,756928.0
321,2014-01-01,"St. Catharines-Niagara, Ontario",Both sexes,All ages,Persons,407835.0
322,2014-01-01,"Kitchener-Cambridge-Waterloo, Ontario",Both sexes,All ages,Persons,525299.0
323,2014-01-01,"Guelph, Ontario",Both sexes,All ages,Persons,151684.0
324,2014-01-01,"London, Ontario",Both sexes,All ages,Persons,497055.0
325,2014-01-01,"Windsor, Ontario",Both sexes,All ages,Persons,336369.0
326,2014-01-01,"Greater Sudbury, Ontario",Both sexes,All ages,Persons,168522.0
327,2014-01-01,"Winnipeg, Manitoba",Both sexes,All ages,Persons,776923.0
328,2014-01-01,"Regina, Saskatchewan",Both sexes,All ages,Persons,235876.0
329,2014-01-01,"Saskatoon, Saskatchewan",Both sexes,All ages,Persons,294216.0
330,2014-01-01,"Calgary, Alberta",Both sexes,All ages,Persons,1386828.0
331,2014-01-01,"Edmonton, Alberta",Both sexes,All ages,Persons,1312214.0
332,2014-01-01,"Kelowna, British Columbia",Both sexes,All ages,Persons,193259.0
333,2014-01-01,"Vancouver, British Columbia",Both sexes,All ages,Persons,2507414.0
334,2014-01-01,"Victoria, British Columbia",Both sexes,All ages,Persons,370234.0
335,2014-01-01,"Nelson (CA), British Columbia",Both sexes,All ages,Persons,18614.0
336,2015-01-01,"St. John's, Newfoundland and Labrador",Both sexes,All ages,Persons,209191.0
337,2015-01-01,"Halifax, Nova Scotia",Both sexes,All ages,Persons,408017.0
338,2015-01-01,"Québec, Quebec",Both sexes,All ages,Persons,799046.0
339,2015-01-01,"Sherbrooke, Quebec",Both sexes,All ages,Persons,210873.0
340,2015-01-01,"Trois-Rivières, Quebec",Both sexes,All ages,Persons,155679.0
341,2015-01-01,"Montréal, Quebec",Both sexes,All ages,Persons,4109712.0
342,2015-01-01,"Oshawa, Ontario",Both sexes,All ages,Persons,385258.0
343,2015-01-01,"Toronto, Ontario",Both sexes,All ages,Persons,6045240.0
344,2015-01-01,"Hamilton, Ontario",Both sexes,All ages,Persons,761279.0
345,2015-01-01,"St. Catharines-Niagara, Ontario",Both sexes,All ages,Persons,410971.0
346,2015-01-01,"Kitchener-Cambridge-Waterloo, Ontario",Both sexes,All ages,Persons,530170.0
347,2015-01-01,"Guelph, Ontario",Both sexes,All ages,Persons,153679.0
348,2015-01-01,"London, Ontario",Both sexes,All ages,Persons,500624.0
349,2015-01-01,"Windsor, Ontario",Both sexes,All ages,Persons,336222.0
350,2015-01-01,"Greater Sudbury, Ontario",Both sexes,All ages,Persons,168602.0
351,2015-01-01,"Winnipeg, Manitoba",Both sexes,All ages,Persons,785860.0
352,2015-01-01,"Regina, Saskatchewan",Both sexes,All ages,Persons,239403.0
353,2015-01-01,"Saskatoon, Saskatchewan",Both sexes,All ages,Persons,299349.0
354,2015-01-01,"Calgary, Alberta",Both sexes,All ages,Persons,1414010.0
355,2015-01-01,"Edmonton, Alberta",Both sexes,All ages,Persons,1338092.0
356,2015-01-01,"Kelowna, British Columbia",Both sexes,All ages,Persons,198305.0
357,2015-01-01,"Vancouver, British Columbia",Both sexes,All ages,Persons,2544484.0
358,2015-01-01,"Victoria, British Columbia",Both sexes,All ages,Persons,376036.0
359,2015-01-01,"Nelson (CA), British Columbia",Both sexes,All ages,Persons,18882.0
360,2016-01-01,"St. John's, Newfoundland and Labrador",Both sexes,All ages,Persons,211003.0
361,2016-01-01,"Halifax, Nova Scotia",Both sexes,All ages,Persons,414015.0
362,2016-01-01,"Québec, Quebec",Both sexes,All ages,Persons,804875.0
363,2016-01-01,"Sherbrooke, Quebec",Both sexes,All ages,Persons,213344.0
364,2016-01-01,"Trois-Rivières, Quebec",Both sexes,All ages,Persons,156813.0
365,2016-01-01,"Montréal, Quebec",Both sexes,All ages,Persons,4140425.0
366,2016-01-01,"Oshawa, Ontario",Both sexes,All ages,Persons,391942.0
367,2016-01-01,"Toronto, Ontario",Both sexes,All ages,Persons,6125013.0
368,2016-01-01,"Hamilton, Ontario",Both sexes,All ages,Persons,768982.0
369,2016-01-01,"St. Catharines-Niagara, Ontario",Both sexes,All ages,Persons,416384.0
370,2016-01-01,"Kitchener-Cambridge-Waterloo, Ontario",Both sexes,All ages,Persons,542034.0
371,2016-01-01,"Guelph, Ontario",Both sexes,All ages,Persons,157088.0
372,2016-01-01,"London, Ontario",Both sexes,All ages,Persons,509009.0
373,2016-01-01,"Windsor, Ontario",Both sexes,All ages,Persons,337194.0
374,2016-01-01,"Greater Sudbury, Ontario",Both sexes,All ages,Persons,169136.0
375,2016-01-01,"Winnipeg, Manitoba",Both sexes,All ages,Persons,801177.0
376,2016-01-01,"Regina, Saskatchewan",Both sexes,All ages,Persons,245228.0
377,2016-01-01,"Saskatoon, Saskatchewan",Both sexes,All ages,Persons,307367.0
378,2016-01-01,"Calgary, Alberta",Both sexes,All ages,Persons,1438160.0
379,2016-01-01,"Edmonton, Alberta",Both sexes,All ages,Persons,1364394.0
380,2016-01-01,"Kelowna, British Columbia",Both sexes,All ages,Persons,203999.0
381,2016-01-01,"Vancouver, British Columbia",Both sexes,All ages,Persons,2582202.0
382,2016-01-01,"Victoria, British Columbia",Both sexes,All ages,Persons,384632.0
383,2016-01-01,"Nelson (CA), British Columbia",Both sexes,All ages,Persons,19122.0
384,2017-01-01,"St. John's, Newfoundland and Labrador",Both sexes,All ages,Persons,212144.0
385,2017-01-01,"Halifax, Nova Scotia",Both sexes,All ages,Persons,421712.0
386,2017-01-01,"Québec, Quebec",Both sexes,All ages,Persons,810125.0
387,2017-01-01,"Sherbrooke, Quebec",Both sexes,All ages,Persons,215386.0
388,2017-01-01,"Trois-Rivières, Quebec",Both sexes,All ages,Persons,158181.0
389,2017-01-01,"Montréal, Quebec",Both sexes,All ages,Persons,4193207.0
390,2017-01-01,"Oshawa, Ontario",Both sexes,All ages,Persons,398742.0
391,2017-01-01,"Toronto, Ontario",Both sexes,All ages,Persons,6217328.0
392,2017-01-01,"Hamilton, Ontario",Both sexes,All ages,Persons,777572.0
393,2017-01-01,"St. Catharines-Niagara, Ontario",Both sexes,All ages,Persons,422407.0
394,2017-01-01,"Kitchener-Cambridge-Waterloo, Ontario",Both sexes,All ages,Persons,553526.0
395,2017-01-01,"Guelph, Ontario",Both sexes,All ages,Persons,159996.0
396,2017-01-01,"London, Ontario",Both sexes,All ages,Persons,520146.0
397,2017-01-01,"Windsor, Ontario",Both sexes,All ages,Persons,340999.0
398,2017-01-01,"Greater Sudbury, Ontario",Both sexes,All ages,Persons,169578.0
399,2017-01-01,"Winnipeg, Manitoba",Both sexes,All ages,Persons,817603.0
400,2017-01-01,"Regina, Saskatchewan",Both sexes,All ages,Persons,251167.0
401,2017-01-01,"Saskatoon, Saskatchewan",Both sexes,All ages,Persons,315702.0
402,2017-01-01,"Calgary, Alberta",Both sexes,All ages,Persons,1458336.0
403,2017-01-01,"Edmonton, Alberta",Both sexes,All ages,Persons,1390149.0
404,2017-01-01,"Kelowna, British Columbia",Both sexes,All ages,Persons,208476.0
405,2017-01-01,"Vancouver, British Columbia",Both sexes,All ages,Persons,2616904.0
406,2017-01-01,"Victoria, British Columbia",Both sexes,All ages,Persons,390665.0
407,2017-01-01,"Nelson (CA), British Columbia",Both sexes,All ages,Persons,19209.0
408,2018-01-01,"St. John's, Newfoundland and Labrador",Both sexes,All ages,Persons,212344.0
409,2018-01-01,"Halifax, Nova Scotia",Both sexes,All ages,Persons,429893.0
410,2018-01-01,"Québec, Quebec",Both sexes,All ages,Persons,816931.0
411,2018-01-01,"Sherbrooke, Quebec",Both sexes,All ages,Persons,218126.0
412,2018-01-01,"Trois-Rivières, Quebec",Both sexes,All ages,Persons,159170.0
413,2018-01-01,"Montréal, Quebec",Both sexes,All ages,Persons,4264846.0
414,2018-01-01,"Oshawa, Ontario",Both sexes,All ages,Persons,405765.0
415,2018-01-01,"Toronto, Ontario",Both sexes,All ages,Persons,6337780.0
416,2018-01-01,"Hamilton, Ontario",Both sexes,All ages,Persons,785214.0
417,2018-01-01,"St. Catharines-Niagara, Ontario",Both sexes,All ages,Persons,428383.0
418,2018-01-01,"Kitchener-Cambridge-Waterloo, Ontario",Both sexes,All ages,Persons,567853.0
419,2018-01-01,"Guelph, Ontario",Both sexes,All ages,Persons,162574.0
420,2018-01-01,"London, Ontario",Both sexes,All ages,Persons,532421.0
421,2018-01-01,"Windsor, Ontario",Both sexes,All ages,Persons,348304.0
422,2018-01-01,"Greater Sudbury, Ontario",Both sexes,All ages,Persons,171452.0
423,2018-01-01,"Winnipeg, Manitoba",Both sexes,All ages,Persons,831823.0
424,2018-01-01,"Regina, Saskatchewan",Both sexes,All ages,Persons,256317.0
425,2018-01-01,"Saskatoon, Saskatchewan",Both sexes,All ages,Persons,323148.0
426,2018-01-01,"Calgary, Alberta",Both sexes,All ages,Persons,1483528.0
427,2018-01-01,"Edmonton, Alberta",Both sexes,All ages,Persons,1415351.0
428,2018-01-01,"Kelowna, British Columbia",Both sexes,All ages,Persons,213831.0
429,2018-01-01,"Vancouver, British Columbia",Both sexes,All ages,Persons,2658582.0
430,2018-01-01,"Victoria, British Columbia",Both sexes,All ages,Persons,396839.0
431,2018-01-01,"Nelson (CA), British Columbia",Both sexes,All ages,Persons,19412.0
432,2019-01-01,"St. John's, Newfoundland and Labrador",Both sexes,All ages,Persons,213113.0
433,2019-01-01,"Halifax, Nova Scotia",Both sexes,All ages,Persons,439835.0
434,2019-01-01,"Québec, Quebec",Both sexes,All ages,Persons,825234.0
435,2019-01-01,"Sherbrooke, Quebec",Both sexes,All ages,Persons,221325.0
436,2019-01-01,"Trois-Rivières, Quebec",Both sexes,All ages,Persons,160902.0
437,2019-01-01,"Montréal, Quebec",Both sexes,All ages,Persons,4334308.0
438,2019-01-01,"Oshawa, Ontario",Both sexes,All ages,Persons,414531.0
439,2019-01-01,"Toronto, Ontario",Both sexes,All ages,Persons,6462898.0
440,2019-01-01,"Hamilton, Ontario",Both sexes,All ages,Persons,795410.0
441,2019-01-01,"St. Catharines-Niagara, Ontario",Both sexes,All ages,Persons,433955.0
442,2019-01-01,"Kitchener-Cambridge-Waterloo, Ontario",Both sexes,All ages,Persons,581607.0
443,2019-01-01,"Guelph, Ontario",Both sexes,All ages,Persons,165125.0
444,2019-01-01,"London, Ontario",Both sexes,All ages,Persons,542155.0
445,2019-01-01,"Windsor, Ontario",Both sexes,All ages,Persons,352538.0
446,2019-01-01,"Greater Sudbury, Ontario",Both sexes,All ages,Persons,171968.0
447,2019-01-01,"Winnipeg, Manitoba",Both sexes,All ages,Persons,844331.0
448,2019-01-01,"Regina, Saskatchewan",Both sexes,All ages,Persons,260914.0
449,2019-01-01,"Saskatoon, Saskatchewan",Both sexes,All ages,Persons,330413.0
450,2019-01-01,"Calgary, Alberta",Both sexes,All ages,Persons,1514426.0
451,2019-01-01,"Edmonton, Alberta",Both sexes,All ages,Persons,1442835.0
452,2019-01-01,"Kelowna, British Columbia",Both sexes,All ages,Persons,218600.0
453,2019-01-01,"Vancouver, British Columbia",Both sexes,All ages,Persons,2709277.0
454,2019-01-01,"Victoria, British Columbia",Both sexes,All ages,Persons,403466.0
455,2019-01-01,"Nelson (CA), British Columbia",Both sexes,All ages,Persons,19646.0
456,2020-01-01,"St. John's, Newfoundland and Labrador",Both sexes,All ages,Persons,213919.0
457,2020-01-01,"Halifax, Nova Scotia",Both sexes,All ages,Persons,450910.0
458,2020-01-01,"Québec, Quebec",Both sexes,All ages,Persons,832021.0
459,2020-01-01,"Sherbrooke, Quebec",Both sexes,All ages,Persons,224456.0
460,2020-01-01,"Trois-Rivières, Quebec",Both sexes,All ages,Persons,163374.0
461,2020-01-01,"Montréal, Quebec",Both sexes,All ages,Persons,4366487.0
462,2020-01-01,"Oshawa, Ontario",Both sexes,All ages,Persons,424757.0
463,2020-01-01,"Toronto, Ontario",Both sexes,All ages,Persons,6543886.0
464,2020-01-01,"Hamilton, Ontario",Both sexes,All ages,Persons,806522.0
465,2020-01-01,"St. Catharines-Niagara, Ontario",Both sexes,All ages,Persons,437080.0
466,2020-01-01,"Kitchener-Cambridge-Waterloo, Ontario",Both sexes,All ages,Persons,593397.0
467,2020-01-01,"Guelph, Ontario",Both sexes,All ages,Persons,167658.0
468,2020-01-01,"London, Ontario",Both sexes,All ages,Persons,550605.0
469,2020-01-01,"Windsor, Ontario",Both sexes,All ages,Persons,353572.0
470,2020-01-01,"Greater Sudbury, Ontario",Both sexes,All ages,Persons,172476.0
471,2020-01-01,"Winnipeg, Manitoba",Both sexes,All ages,Persons,850558.0
472,2020-01-01,"Regina, Saskatchewan",Both sexes,All ages,Persons,263236.0
473,2020-01-01,"Saskatoon, Saskatchewan",Both sexes,All ages,Persons,336850.0
474,2020-01-01,"Calgary, Alberta",Both sexes,All ages,Persons,1542956.0
475,2020-01-01,"Edmonton, Alberta",Both sexes,All ages,Persons,1467219.0
476,2020-01-01,"Kelowna, British Columbia",Both sexes,All ages,Persons,223529.0
477,2020-01-01,"Vancouver, British Columbia",Both sexes,All ages,Persons,2743765.0
478,2020-01-01,"Victoria, British Columbia",Both sexes,All ages,Persons,409398.0
479,2020-01-01,"Nelson (CA), British Columbia",Both sexes,All ages,Persons,19901.0
480,2021-01-01,"St. John's, Newfoundland and Labrador",Both sexes,All ages,Persons,214267.0
481,2021-01-01,"Halifax, Nova Scotia",Both sexes,All ages,Persons,459869.0
482,2021-01-01,"Québec, Quebec",Both sexes,All ages,Persons,836615.0
483,2021-01-01,"Sherbrooke, Quebec",Both sexes,All ages,Persons,227448.0
484,2021-01-01,"Trois-Rivières, Quebec",Both sexes,All ages,Persons,165037.0
485,2021-01-01,"Montréal, Quebec",Both sexes,All ages,Persons,4340642.0
486,2021-01-01,"Oshawa, Ontario",Both sexes,All ages,Persons,434673.0
487,2021-01-01,"Toronto, Ontario",Both sexes,All ages,Persons,6547381.0
488,2021-01-01,"Hamilton, Ontario",Both sexes,All ages,Persons,811396.0
489,2021-01-01,"St. Catharines-Niagara, Ontario",Both sexes,All ages,Persons,441452.0
490,2021-01-01,"Kitchener-Cambridge-Waterloo, Ontario",Both sexes,All ages,Persons,599816.0
491,2021-01-01,"Guelph, Ontario",Both sexes,All ages,Persons,169363.0
492,2021-01-01,"London, Ontario",Both sexes,All ages,Persons,557394.0
493,2021-01-01,"Windsor, Ontario",Both sexes,All ages,Persons,351213.0
494,2021-01-01,"Greater Sudbury, Ontario",Both sexes,All ages,Persons,172832.0
495,2021-01-01,"Winnipeg, Manitoba",Both sexes,All ages,Persons,858848.0
496,2021-01-01,"Regina, Saskatchewan",Both sexes,All ages,Persons,264375.0
497,2021-01-01,"Saskatoon, Saskatchewan",Both sexes,All ages,Persons,339870.0
498,2021-01-01,"Calgary, Alberta",Both sexes,All ages,Persons,1558588.0
499,2021-01-01,"Edmonton, Alberta",Both sexes,All ages,Persons,1480159.0
500,2021-01-01,"Kelowna, British Columbia",Both sexes,All ages,Persons,229003.0
501,2021-01-01,"Vancouver, British Columbia",Both sexes,All ages,Persons,2764932.0
502,2021-01-01,"Victoria, British Columbia",Both sexes,All ages,Persons,413859.0
503,2021-01-01,"Nelson (CA), British Columbia",Both sexes,All ages,Persons,20071.0
504,2022-01-01,"St. John's, Newfoundland and Labrador",Both sexes,All ages,Persons,219119.0
505,2022-01-01,"Halifax, Nova Scotia",Both sexes,All ages,Persons,480582.0
506,2022-01-01,"Québec, Quebec",Both sexes,All ages,Persons,848776.0
507,2022-01-01,"Sherbrooke, Quebec",Both sexes,All ages,Persons,231055.0
508,2022-01-01,"Trois-Rivières, Quebec",Both sexes,All ages,Persons,167732.0
509,2022-01-01,"Montréal, Quebec",Both sexes,All ages,Persons,4378796.0
510,2022-01-01,"Oshawa, Ontario",Both sexes,All ages,Persons,447079.0
511,2022-01-01,"Toronto, Ontario",Both sexes,All ages,Persons,6685621.0
512,2022-01-01,"Hamilton, Ontario",Both sexes,All ages,Persons,821839.0
513,2022-01-01,"St. Catharines-Niagara, Ontario",Both sexes,All ages,Persons,450501.0
514,2022-01-01,"Kitchener-Cambridge-Waterloo, Ontario",Both sexes,All ages,Persons,622497.0
515,2022-01-01,"Guelph, Ontario",Both sexes,All ages,Persons,172400.0
516,2022-01-01,"London, Ontario",Both sexes,All ages,Persons,574238.0
517,2022-01-01,"Windsor, Ontario",Both sexes,All ages,Persons,359672.0
518,2022-01-01,"Greater Sudbury, Ontario",Both sexes,All ages,Persons,175357.0
519,2022-01-01,"Winnipeg, Manitoba",Both sexes,All ages,Persons,871778.0
520,2022-01-01,"Regina, Saskatchewan",Both sexes,All ages,Persons,268804.0
521,2022-01-01,"Saskatoon, Saskatchewan",Both sexes,All ages,Persons,347536.0
522,2022-01-01,"Calgary, Alberta",Both sexes,All ages,Persons,1608342.0
523,2022-01-01,"Edmonton, Alberta",Both sexes,All ages,Persons,1516719.0
524,2022-01-01,"Kelowna, British Columbia",Both sexes,All ages,Persons,235473.0
525,2022-01-01,"Vancouver, British Columbia",Both sexes,All ages,Persons,2842730.0
526,2022-01-01,"Victoria, British Columbia",Both sexes,All ages,Persons,423136.0
527,2022-01-01,"Nelson (CA), British Columbia",Both sexes,All ages,Persons,20254.0
